ID,EGRID
1086/1116/1,CH701335704604
1086/1116/2,CH761346357379
1086/1116/3,CH394613873536
1086/1116/4,CH981746351392
1086/1116/5,CH121394463583
1086/1228/1,CH688646358109
1086/1498/1,CH544583827536
1086/1498/2,CH752083814513
1086/1498/3,CH384583458080
1086/1502/1,CH268146353206
1086/1502/2,0000000000
1086/1502/3,CH708235374683
1086/1502/4,0000000000
1086/1502/5,CH794682373511
1086/1502/7,0000000000
1086/1502/8,CH928231463567
1086/1505/1,CH469983453259
1086/1506/1,0000000000
1086/1509/1,0000000000
1086/1509/2,0000000000
1086/1509/3,0000000000
1086/1509/4,0000000000
1086/1509/5,0000000000
1086/1509/6,0000000000
1086/1509/7,0000000000
1086/1509/8,0000000000
1086/1510/1,CH705630985259
1086/1510/2,0000000000
1086/1510/3,CH388652305697
1086/1510/4,CH589052305618
1086/1510/5,0000000000
1086/1510/6,CH125691523003
1086/1510/7,CH125600523046
1086/1510/8,CH873056095296
1086/1510/9,CH543052569403
1086/1510/10,CH795256093075
1086/1510/11,CH595256083049
1086/1510/12,CH865652309584
1086/1514/1,0000000000
1086/1514/2,0000000000
1086/1519/1,CH567410945622
1086/1521/1,CH710748028932
1086/1523/1,0000000000
1086/1523/2,0000000000
1086/1523/3,0000000000
1086/1523/5,CH430878547518
1086/1528/1,CH328965020733
1086/1528/2,CH330289076572
1086/1528/3,CH610752028930
1086/1538/1,0000000000
1086/1574/1,CH307635204644
1086/1575/1,0000000000
1086/1586/2,CH134676352790
1086/1587/1,CH320758834589
1086/1587/2,CH838307453518
1086/1593/1,CH107894971011
1086/1593/2,CH319433107578
1086/1593/3,CH952210759432
1086/1596/1,CH292777206086
1086/1596/2,CH349694779380
1086/1602/1,CH534698358190
1086/1707/1,CH355746113591
1086/1964/1,CH646365853795
1086/1964/2,CH776385386542
1086/1999/1,0000000000
1086/2000/3,0000000000
1086/2001/1,CH134676352097
1086/2001/2,CH307635434672
1086/2001/3,CH127620463518
1086/2001/4,CH813590469881
1086/2001/5,CH294676423526
1086/2001/6,CH984246357633
1086/2001/7,CH973576094644
1086/2001/8,CH980946357651
1086/2002/1,CH713582468704
1086/2003/1,CH867646354917
1086/2005/1,CH728782463526
1086/2007/1,CH113522467680
1086/2007/2,CH113522467680
1086/2007/5,CH113522467680
1086/2007/6,CH113522467680
1086/2008/1,0000000000
1086/2009/1,CH157346803505
1086/2009/2,CH157346803505
1086/2011/1,CH373589574684
1086/2011/2,CH168046357326
1086/2012/1,CH968746351907
1086/2012/2,CH350546873506
1086/2012/3,CH350546873506
1086/2013/2,CH685746357621
1086/2013/4,CH667646352512
1086/2014/1,CH382046357655
1086/2015/1,CH708735114626
1086/2016/1,CH943546762091
1086/2016/2,0000000000
1086/2017/1,CH543546870911
1086/2017/2,CH543546870911
1086/2018/1,CH181446357691
1086/2018/2,CH650246873582
1086/2019/1,CH394687173565
1086/2020/1,CH969346352335
1086/2020/2,CH288246358753
1086/2021/1,CH334687351928
1086/2025/1,CH386746357647
1086/2025/2,CH373576674674
1086/2026/1,CH407635474626
1086/2028/1,CH356083714569
1086/2028/2,CH598390854518
1086/2031/1,CH973588994654
1086/2032/1,0000000000
1086/2032/2,CH894688123595
1086/2038/1,CH408835694624
1086/2039/1,CH673576604690
1086/2042/1,CH782046357616
1086/2044/1,CH480546358430
1086/2044/2,CH567646355417
1086/2045/1,CH628458463566
1086/2051/1,CH834679353511
1086/2051/2,CH853546793520
1086/2052/1,CH529796463586
1086/2053/1,CH134697355369
1086/2053/2,CH208035154682
1086/2054/1,CH669746359158
1086/2070/1,CH834682352690
1086/2070/2,CH856946433583
1086/2072/1,CH294687893577
1086/2073/1,CH429700463514
1086/2073/2,CH434697350020
1086/2074/1,CH180646358705
1086/2074/2,CH143546879957
1086/2074/3,CH334687351730
1086/2076/1,CH281746358762
1086/2076/2,CH251746873507
1086/2076/3,CH334687351730
1086/2091/1,CH827770975701
1086/2096/1,
1086/2100/1,0000000000
1086/2111/1,CH840702099248
1086/2167/1,0000000000
1086/2170/1,CH334687350641
1086/2180/1,0000000000
1086/2218/1,0000000000
1086/2224/1,CH550810709476
1086/2234/1,CH558146183533
1086/2234/2,0000000000
1086/2242/1,CH133275060108
1086/2247/1,
1086/2249/1,0000000000
1086/2251/1,0000000000
1086/2255/1,CH113061522096
1086/2271/1,0000000000
1086/2277/1,CH457199771789
1086/2295/1,0000000000
1086/2310/1,CH728678834565
1086/2311/1,0000000000
1086/2312/1,CH927155523038
1086/2324/1,0000000000
1086/2335/1,CH767807394648
1086/2336/1,CH998378091257
1086/2349/1,
1086/2357/1,CH935089357926
1086/2388/1,
1086/2390/1,CH916334658542
1086/2392/1,CH627779660239
1086/2395/1,CH110753029588
1086/2396/1,CH768802074715
1086/2396/2,CH870788470274
1086/2399/1,0000000000
1086/2399/2,CH813042527175
1086/2399/3,CH800730275209
1086/2453/1,CH210539347759
1086/2453/2,CH867734053904
1086/2500/2,0000000000
1086/2670/1,CH840011770638
1086/2670/2,CH831177005292
1086/3000/2,CH867891560128
1086/3000/3,CH439178560077
1086/3000/6,0000000000
1086/3068/1,0000000000
1086/3075/1,CH354199789180
1086/3075/2,CH939978910863
1086/3075/3,CH149199713721
1086/3075/4,CH153799719183
1086/3076/1,CH167789978309
1086/3078/1,CH248817727586
1086/3078/3,CH491772758843
1086/3078/4,CH148817720395
1086/3080/1,CH410473957714
1086/3080/2,CH627713950459
1086/3080/4,CH507704199585
1086/3080/5,CH639577041353
1086/3080/7,CH570477199556
1086/3080/8,CH651995770419
1086/3080/9,CH370477199527
1086/3080/10,CH399577190421
1086/3080/11,CH387295047748
1086/3080/12,CH699577210410
1086/3080/13,CH310439957763
1086/3080/14,CH570477739588
1086/3080/15,CH387795047710
1086/3080/17,CH712477307716
1086/3080/18,CH527772302428
1086/3080/20,CH542430777231
1086/3080/21,CH367730248708
1086/3083/1,CH999577030459
1086/3083/2,CH440495778804
1086/3083/3,CH439577048846
1086/3083/4,CH467795048830
1086/3083/5,CH907704039594
1086/3085/1,CH581607907786
1086/3085/2,CH519016077784
1086/3085/3,CH619020077714
1086/3085/4,CH827705079047
1086/3085/5,CH850507779065
1086/3085/6,CH419016077721
1086/3085/7,CH467707902446
1086/3085/8,CH252507779020
1086/3085/9,CH480807907745
1086/3085/10,CH190777209048
1086/3089/1,CH990777749002
1086/3092/1,CH307703534513
1086/3093/1,0000000000
1086/3097/1,CH340345771605
1086/3102/1,CH492677342043
1086/3102/2,CH582426207706
1086/3103/1,CH579477842721
1086/3103/2,CH492777859480
1086/3103/3,CH267727948654
1086/3104/1,CH119472277733
1086/3105/1,CH719486277791
1086/3106/1,CH967727947521
1086/3106/2,CH867727949931
1086/3111/1,CH245408729102
1086/3111/2,CH967008545932
1086/3136/1,CH790877895434
1086/3144/1,CH388887557720
1086/3144/2,CH375577888703
1086/3144/3,CH357487775515
1086/3146/1,CH638777558742
1086/3146/2,CH858887775549
1086/3148/1,CH250129770966
1086/3148/2,CH132977090261
1086/3153/1,CH558908770512
1086/3153/2,CH567708058996
1086/3155/1,0000000000
1086/3155/2,0000000000
1086/3155/3,0000000000
1086/3158/1,CH111573668196
1086/3158/2,CH157466811509
1086/3158/3,CH108115736675
1086/3158/4,CH741566817165
1086/3158/5,CH271581736680
1086/3158/6,CH168166157373
1086/3159/1,CH755317774123
1086/3159/2,CH744117775526
1086/3159/3,0000000000
1086/3161/1,CH557520778409
1086/3167/1,CH174177551736
1086/3168/1,CH344117775565
1086/3179/1,CH167308549194
1086/3180/1,CH567308549254
1086/3181/1,CH690877105414
1086/3197/1,CH207783268943
1086/3197/2,0000000000
1086/3198/1,CH813257417710
1086/3232/1,CH349478771763
1086/3232/2,CH479477187808
1086/3232/4,CH149478771140
1086/3233/1,CH567778948081
1086/3233/2,CH980178947792
1086/3234/1,CH858578779475
1086/3234/2,CH367778949438
1086/3234/4,CH727711789404
1086/3247/1,CH938677527090
1086/3247/3,CH115287867779
1086/3247/4,CH857886775240
1086/3247/5,0000000000
1086/3247/6,0000000000
1086/3257/1,CH512377307714
1086/3269/1,CH640418778154
1086/3274/1,CH857489778390
1086/3274/2,CH448389777374
1086/3293/2,CH530877547095
1086/3299/1,CH808815776624
1086/3300/1,CH167711001107
1086/3300/2,CH281111007772
1086/3307/1,CH772977793566
1086/3307/2,CH707729793560
1086/3307/3,CH827779352937
1086/3315/1,0000000000
1086/3315/2,CH453608785467
1086/3315/3,CH683708547868
1086/3315/4,CH745408717545
1086/3336/1,CH131277458043
1086/3337/1,CH431277458038
1086/3337/2,CH144512777946
1086/3337/3,CH114579127777
1086/3337/4,CH374577891254
1086/3341/1,CH390872465453
1086/3341/2,CH227188085487
1086/3341/4,CH227246085450
1086/3352/1,CH881308547173
1086/3354/1,CH580008547834
1086/3357/4,CH880508547492
1086/3363/1,CH727787413275
1086/3365/1,CH815441087252
1086/3366/2,CH252989778354
1086/3366/3,CH638977830979
1086/3367/1,CH575473430818
1086/3367/2,CH607154350893
1086/3367/3,CH682608547379
1086/3368/1,CH555608795472
1086/3369/1,CH207954430886
1086/3371/1,CH530873542678
1086/3371/2,0000000000
1086/3372/1,CH975473760874
1086/3372/2,0000000000
1086/3372/3,CH945408728264
1086/3402/1,CH641448778988
1086/3408/1,CH956420780849
1086/3408/2,CH787120087918
1086/3461/2,0000000000
1086/3461/3,0000000000
1086/3461/4,0000000000
1086/3461/5,0000000000
1086/3462/1,0000000000
1086/3462/2,0000000000
1086/3462/3,0000000000
1086/3462/4,0000000000
1086/3462/5,0000000000
1086/3462/6,0000000000
1086/3463/1,0000000000
1086/3463/2,0000000000
1086/3463/3,0000000000
1086/3468/2,0000000000
1086/3469/2,0000000000
1086/3478/1,0000000000
1086/3489/1,0000000000
1086/3489/2,0000000000
1086/3489/3,0000000000
1086/3490/1,0000000000
1086/3491/1,0000000000
1086/3491/2,0000000000
1086/3498/1,0000000000
1086/3498/3,0000000000
1086/3498/4,0000000000
1086/3500/1,0000000000
1086/3500/2,0000000000
1086/3501/1,0000000000
1086/3501/2,0000000000
1086/3504/1,0000000000
1086/3504/2,0000000000
1086/3504/3,0000000000
1086/3506/1,0000000000
1086/3510/1,0000000000
1086/3510/2,0000000000
1086/3512/1,0000000000
1086/3512/2,0000000000
1086/3513/1,0000000000
1086/3514/1,0000000000
1086/3520/1,0000000000
1086/3520/2,0000000000
1086/3520/3,0000000000
1086/3520/4,0000000000
1086/3520/5,0000000000
1086/3522/1,0000000000
1086/3522/2,0000000000
1086/3522/3,0000000000
1086/3522/4,0000000000
1086/3522/5,0000000000
1086/3526/1,0000000000
1086/3526/3,0000000000
1086/3526/5,0000000000
1086/3528/1,0000000000
1086/3529/1,0000000000
1086/3530/1,0000000000
1086/3530/2,0000000000
1086/3531/1,0000000000
1086/3531/2,0000000000
1086/3533/2,0000000000
1086/3535/1,0000000000
1086/3535/2,0000000000
1086/3535/3,0000000000
1086/3536/1,0000000000
1086/3538/1,0000000000
1086/3538/2,0000000000
1086/3539/1,0000000000
1086/3539/2,0000000000
1086/3541/1,0000000000
1086/3542/1,0000000000
1086/3554/1,CH867728899343
1086/3554/2,CH692877848990
1086/3587/1,CH487967890390
1086/3631/1,0000000000
1086/3631/2,0000000000
1086/3632/1,0000000000
1086/3660/1,CH693678904090
1086/3660/2,CH807840793693
1086/3660/3,CH407840893605
1086/3660/4,CH733677404418
1086/3660/5,CH167736404615
1086/3660/6,CH154636774052
1086/3660/7,CH133677404626
1086/3660/8,CH233678408442
1086/3660/9,CH144036774695
1086/3660/10,
1086/3660/11,CH385836407773
1086/3660/12,CH574077413647
1086/3662/1,
1086/3663/1,CH833677405174
1086/3663/2,CH233677405877
1086/3663/3,CH427882364008
1086/3663/4,CH944036774914
1086/3664/1,CH688999917961
1086/3664/2,CH949199798070
1086/3664/3,CH207991809936
1086/3664/4,0000000000
1086/3665/1,CH374679970787
1086/3666/1,CH358507794653
1086/3667/1,CH385599917023
1086/3680/1,0000000000
1086/3680/2,0000000000
1086/3680/3,0000000000
1086/3680/4,0000000000
1086/3681/2,0000000000
1086/3681/3,0000000000
1086/3682/1,0000000000
1086/3682/2,0000000000
1086/3683/1,0000000000
1086/3683/2,0000000000
1086/3685/1,0000000000
1086/3686/1,0000000000
1086/3686/2,0000000000
1086/3686/3,0000000000
1086/3692/1,0000000000
1086/3692/2,0000000000
1086/3695/1,0000000000
1086/3696/1,0000000000
1086/3696/2,0000000000
1086/3697/1,0000000000
1086/3699/3,0000000000
1086/3703/2,0000000000
1086/3704/1,0000000000
1086/3704/2,0000000000
1086/3705/1,0000000000
1086/3707/1,0000000000
1086/3710/1,0000000000
1086/3711/1,0000000000
1086/3711/3,0000000000
1086/3712/2,0000000000
1086/3713/1,0000000000
1086/3713/3,0000000000
1086/3713/4,0000000000
1086/3713/5,0000000000
1086/3714/1,0000000000
1086/3714/2,0000000000
1086/3715/1,0000000000
1086/3715/2,0000000000
1086/3761/1,0000000000
1086/3761/2,0000000000
1086/3782/1,CH607790840743
1086/3782/2,CH588307907723
1086/3782/3,CH627784079083
1086/3791/1,0000000000
1086/3792/1,0000000000
1086/3793/1,0000000000
1086/3794/1,0000000000
1086/3795/1,0000000000
1086/3795/2,0000000000
1086/3795/3,0000000000
1086/3795/4,0000000000
1086/3796/1,0000000000
1086/3796/2,0000000000
1086/3797/1,0000000000
1086/3798/2,0000000000
1086/3799/1,0000000000
1086/3799/2,0000000000
1086/3800/1,0000000000
1086/3800/2,0000000000
1086/3801/1,0000000000
1086/3804/1,0000000000
1086/3805/1,0000000000
1086/3805/2,0000000000
1086/3805/3,0000000000
1086/3805/4,0000000000
1086/3807/1,0000000000
1086/3808/1,0000000000
1086/3808/2,0000000000
1086/3809/1,0000000000
1086/3809/2,0000000000
1086/3809/3,0000000000
1086/3810/1,0000000000
1086/3810/2,0000000000
1086/3810/3,0000000000
1086/3811/1,0000000000
1086/3811/2,0000000000
1086/3811/3,0000000000
1086/3812/2,0000000000
1086/3812/3,0000000000
1086/3812/4,0000000000
1086/3812/5,0000000000
1086/3812/6,0000000000
1086/3813/3,CH896676891534
1086/3815/1,0000000000
1086/3815/2,CH207753720466
1086/3815/3,CH430477537244
1086/3815/4,CH315374047756
1086/3816/1,CH160066157131
1086/3816/2,CH641566008042
1086/3816/3,CH257166001508
1086/3825/1,CH467794969349
1086/3837/1,CH615999397744
1086/3846/1,CH999477719681
1086/3849/1,CH367791567752
1086/3849/2,CH767791565139
1086/3849/3,CH845691774397
1086/3849/4,CH707756519139
1086/3853/1,CH687774917829
1086/3855/1,CH919676947752
1086/3855/4,0000000000
1086/3862/1,CH578877711738
1086/3868/1,CH651917778855
1086/3868/2,CH867745187722
1086/3868/3,CH171877774578
1086/3868/5,CH627778451895
1086/3868/6,CH987045187715
1086/3868/7,CH941845777021
1086/3868/8,CH694577781811
1086/3868/9,CH107718884535
1086/3872/1,0000000000
1086/3876/1,CH767707566901
1086/3876/2,CH867707561224
1086/3876/3,0000000000
1086/3876/5,CH190777255667
1086/3897/1,0000000000
1086/3898/1,0000000000
1086/3900/1,0000000000
1086/3903/1,0000000000
1086/3922/1,0000000000
1086/3971/1,0000000000
1086/3971/2,0000000000
1086/3973/1,CH330297078181
1086/3974/1,0000000000
1086/3974/2,0000000000
1086/3974/3,0000000000
1086/3974/4,0000000000
1086/3974/5,0000000000
1086/3974/6,0000000000
1086/3974/7,0000000000
1086/3974/8,0000000000
1086/3974/9,0000000000
1086/3974/10,0000000000
1086/3974/11,0000000000
1086/3976/1,CH470780980232
1086/3982/1,CH253102990717
1086/3982/2,CH269902073101
1086/3982/3,CH370799310296
1086/3982/4,CH383102079921
1086/3982/5,CH390299310764
1086/4010/1,CH267007399495
1086/4010/2,CH607939260740
1086/4010/3,CH530779396755
1086/4011/1,CH256707793995
1086/4011/2,CH590779663901
1086/4011/3,CH227150073959
1086/4015/1,0000000000
1086/4022/1,CH307067508976
1086/4023/1,CH127045896785
1086/4024/1,CH876771148974
1086/4025/3,CH727191896722
1086/4025/4,0000000000
1086/4027/1,CH698978276782
1086/4029/1,CH758189726763
1086/4029/2,CH327778840989
1086/4031/1,0000000000
1086/4033/1,CH607067558956
1086/4041/1,CH328350320647
1086/4046/1,0000000000
1086/4055/1,CH438270499725
1086/4064/1,0000000000
1086/4092/1,0000000000
1086/4106/1,CH207059761779
1086/4106/2,CH607959681715
1086/4106/3,CH445917702284
1086/4106/4,CH315991177097
1086/4112/2,CH813388067208
1086/4117/1,CH827785288941
1086/4135/1,CH830689338980
1086/4136/1,CH207067448931
1086/4137/1,CH316739897135
1086/4138/1,CH498977256768
1086/4138/2,CH727704896761
1086/4138/3,CH807167778989
1086/4138/4,CH498977656745
1086/4138/5,CH816751897049
1086/4139/1,CH776777048984
1086/4139/2,CH146789773168
1086/4145/1,0000000000
1086/4147/1,CH881207397751
1086/4148/1,CH557207783955
1086/4150/1,CH941674837384
1086/4174/1,CH540861702162
1086/4174/2,CH640861702128
1086/4192/1,CH286546358529
1086/4236/1,CH752146123551
1086/4236/2,CH680246351911
1086/4236/3,CH787046351486
1086/4237/1,CH955646113511
1086/4237/3,CH494618053509
1086/4237/4,CH694619613555
1086/4237/5,CH953164743643
1086/4237/6,CH173510204604
1086/4264/1,CH783146354244
1086/4264/2,CH134641356378
1086/4264/3,CH794642313501
1086/4265/1,CH834611355620
1086/4265/2,CH994617513501
1086/4265/3,CH273510864663
1086/4266/1,CH743546102066
1086/4266/2,CH394618933570
1086/4266/3,CH187746351008
1086/4266/4,CH543546193592
1086/4266/5,CH243546102636
1086/4266/6,CH694618813504
1086/4266/7,CH443546180562
1086/4266/8,CH221767463587
1086/4266/9,CH156746173565
1086/4267/1,CH194617673531
1086/4267/2,CH101735674612
1086/4267/3,CH643546193558
1086/4267/4,CH273510264649
1086/4267/5,CH785546351901
1086/4267/6,CH561846358104
1086/4267/7,CH713593461079
1086/4267/8,CH861946353617
1086/4267/9,CH634619355418
1086/4267/10,CH855846183567
1086/4267/11,CH534619353571
1086/4267/12,CH688146351813
1086/4267/13,CH161746356784
1086/4267/14,CH286746351743
1086/4267/15,CH901735514679
1086/4267/16,CH434618359356
1086/4267/17,CH636476368453
1086/4267/18,CH234610358609
1086/4313/1,0000000000
1086/4350/3,0000000000
1086/4350/4,CH281644067116
1086/4352/1,CH194470090605
1086/4352/4,CH867244066817
1086/4353/2,0000000000
1086/4357/1,0000000000
1086/4359/1,CH207306964497
1086/4366/1,CH789944067427
1086/4366/2,CH867444069929
1086/4372/1,0000000000
1086/4377/1,CH283444067412
1086/4386/1,CH308606043297
1086/4386/2,CH333286067360
1086/4390/1,CH127165440674
1086/4398/1,CH907806104479
1086/4508/1,CH810701029626
1086/4508/3,CH730296070134
1086/4622/1,0000000000
1086/4637/1,0000000000
1086/4643/2,CH709207820271
1086/4643/3,CH710782029214
1086/4644/1,CH230203077396
1086/4644/2,CH320371020770
1086/4647/1,0000000000
1086/4647/2,0000000000
1086/4648/1,CH170700060263
1086/4648/2,CH980602070009
1086/4652/1,CH769102070078
1086/4652/2,CH690291090703
1086/4652/3,CH680902079136
1086/4652/4,CH970791090230
1086/4653/1,CH870705390269
1086/4657/1,CH788202078673
1086/4657/2,CH668602078169
1086/4657/3,CH770786820221
1086/4658/1,CH508507620297
1086/4659/1,CH510777029329
1086/4659/2,0000000000
1086/4659/3,CH590293770709
1086/4659/4,CH429377020774
1086/4662/1,0000000000
1086/4663/1,CH751702930749
1086/4665/1,CH910747029366
1086/4665/2,CH990293470760
1086/4666/1,CH180802079040
1086/4666/2,CH750802900710
1086/4666/4,CH880802079093
1086/4668/1,CH430200074484
1086/4669/1,CH330200074421
1086/4669/2,CH440702004465
1086/4669/3,CH385202070038
1086/4669/4,0000000000
1086/4670/1,CH684302070082
1086/4670/2,CH520053020751
1086/4672/1,0000000000
1086/4673/1,0000000000
1086/4674/1,CH910754020987
1086/4674/2,CH600907120234
1086/4674/3,CH490209690747
1086/4674/4,CH240702095496
1086/4675/1,CH840702039464
1086/4676/1,CH229024020721
1086/4676/2,CH329024020784
1086/4677/1,CH200107800285
1086/4679/1,CH720970020772
1086/4680/1,CH690295660787
1086/4680/2,CH630295076612
1086/4683/1,CH590298710779
1086/4685/1,CH970796050294
1086/4685/2,CH809607050263
1086/4686/1,CH569602071197
1086/4686/3,CH551102960776
1086/4687/1,CH400107020257
1086/4688/1,CH209607230219
1086/4689/1,CH840702962053
1086/4691/1,0000000000
1086/4692/1,CH630201072724
1086/4692/2,CH620127020730
1086/4693/2,CH330201073818
1086/4693/3,CH800107380207
1086/4693/4,CH890201380776
1086/4694/1,CH170701270288
1086/4694/2,CH952702010784
1086/4695/1,CH900107280203
1086/4695/2,CH970701280207
1086/4697/1,CH486902070030
1086/4697/2,CH360002076980
1086/4697/4,0000000000
1086/4698/1,CH300707730207
1086/4698/2,CH710774020774
1086/4698/3,CH190207740755
1086/4698/5,CH687602070757
1086/4698/6,CH770707750274
1086/4703/1,CH168902076379
1086/4704/1,CH670707240267
1086/4705/2,CH410761020108
1086/4705/3,CH730201076351
1086/4707/1,CH256702010718
1086/4708/1,CH720277020704
1086/4708/2,CH170701620280
1086/4708/3,CH190201620748
1086/4708/4,CH200107620242
1086/4708/5,CH600107660288
1086/4708/6,CH630201076682
1086/4709/1,CH490202830768
1086/4709/2,CH260202078346
1086/4709/4,CH300207840212
1086/4710/1,CH810783020261
1086/4710/2,CH488302070238
1086/4710/3,CH830202078187
1086/4710/4,CH259902020724
1086/4714/1,CH886202079882
1086/4714/2,CH256202980756
1086/4714/3,CH356202980722
1086/4714/4,CH510779029905
1086/4714/5,CH529979020754
1086/4714/6,CH229970020743
1086/4714/7,CH530299077105
1086/4714/8,CH557102990796
1086/4714/9,CH169802076231
1086/4714/10,CH730286072602
1086/4714/11,CH286202079892
1086/4714/12,CH556202980751
1086/4714/13,CH270799700213
1086/4714/14,CH540702997195
1086/4714/15,CH569902078143
1086/4714/16,0000000000
1086/4714/17,0000000000
1086/4714/18,CH510700022019
1086/4714/19,CH670720000222
1086/4720/1,0000000000
1086/4720/2,CH155565886374
1086/4727/1,CH167183458192
1086/4727/2,CH798370204534
1086/4727/3,CH907145808356
1086/4727/4,CH688083457112
1086/4727/5,CH367083451223
1086/4727/6,CH544583944134
1086/4730/2,CH228195656359
1086/4738/1,CH851165816375
1086/4739/1,0000000000
1086/4750/1,CH876380586590
1086/4776/1,CH473070675229
1086/4776/2,CH267052306834
1086/4777/1,CH386852307084
1086/4780/1,0000000000
1086/4780/2,0000000000
1086/4780/3,0000000000
1086/4781/1,CH990477116308
1086/4781/2,CH951204776390
1086/4784/1,0000000000
1086/4785/4,CH267704633715
1086/4790/1,CH728066656380
1086/4790/2,CH516312658090
1086/4790/3,CH616333658754
1086/4790/4,CH346365883692
1086/4800/1,CH198373564506
1086/4800/2,CH767383456742
1086/4809/2,CH967704631689
1086/4813/1,0000000000
1086/4816/1,0000000000
1086/4817/1,CH316335658939
1086/4818/1,CH796589676393
1086/4833/1,CH567510944110
1086/4833/2,CH288110947248
1086/4833/3,CH868810942558
1086/4833/4,CH479474071039
1086/4833/5,CH552310869411
1086/4838/1,CH197077746949
1086/4840/1,CH574582988337
1086/4840/2,CH574581318353
1086/4840/3,0000000000
1086/4845/1,CH259765836385
1086/4846/1,0000000000
1086/4846/2,CH798374154513
1086/4860/1,CH176387246576
1086/4861/1,CH136588639692
1086/4871/1,0000000000
1086/4871/2,CH164152306479
1086/4871/3,0000000000
1086/4871/4,0000000000
1086/4871/5,0000000000
1086/4871/6,0000000000
1086/4871/7,0000000000
1086/4871/8,0000000000
1086/4871/9,CH459852893025
1086/4871/10,0000000000
1086/4871/11,0000000000
1086/4871/14,CH273088385222
1086/4871/15,CH156452413025
1086/4876/1,CH728970834556
1086/4892/1,CH744583828258
1086/4892/2,CH498381184543
1086/4896/1,CH667836578321
1086/4899/1,CH836589637164
1086/4900/1,CH785165638777
1086/4901/1,CH189665639132
1086/4929/2,CH543052522584
1086/4940/1,CH598372314551
1086/4979/1,0000000000
1086/4983/1,0000000000
1086/4987/1,CH185065638717
1086/4988/1,CH555465876365
1086/4997/1,CH887565638180
1086/5005/1,CH608163236512
1086/5005/2,CH608863996580
1086/5006/1,CH696584496332
1086/5006/2,CH168265637902
1086/5006/3,CH368765639673
1086/5006/4,CH268565637585
1086/5006/5,CH376385756567
1086/5016/1,CH516349658840
1086/5018/1,CH576391246501
1086/5021/1,CH514570839384
1086/5022/1,CH680083459019
1086/5026/1,CH114555837681
1086/5060/1,CH907445378307
1086/5060/2,CH207445528306
1086/5064/1,CH330477638238
1086/5065/1,0000000000
1086/5085/1,CH528672523004
1086/5089/2,CH916369658122
1086/5089/3,CH356365846393
1086/5090/1,CH356865846355
1086/5091/1,CH196594416339
1086/5091/2,CH708463536501
1086/5092/1,CH836584635924
1086/5092/2,CH186265638484
1086/5126/1,CH540644759187
1086/5126/2,CH534475069140
1086/5126/3,CH559144750627
1086/5126/4,CH870674544467
1086/5127/1,CH389686687765
1086/5129/1,CH580183458135
1086/5130/1,CH374581728395
1086/5130/2,CH308145728314
1086/5130/3,CH368183459135
1086/5130/4,CH268183457288
1086/5130/5,CH854183814591
1086/5130/6,CH259583814501
1086/5130/7,CH886083458087
1086/5130/8,CH408245968375
1086/5130/9,CH614562838038
1086/5130/10,CH608045628366
1086/5130/11,CH756083804503
1086/5130/12,CH368183454878
1086/5130/13,CH738381451981
1086/5130/14,CH552183814554
1086/5130/15,CH544583829318
1086/5158/1,CH838380456807
1086/5158/2,CH556883804549
1086/5177/1,CH614515839855
1086/5177/3,CH800745338319
1086/5189/1,CH813183167772
1086/5193/1,CH451628773858
1086/5204/1,CH557706893396
1086/5204/2,CH790689783334
1086/5205/1,CH136582638164
1086/5206/1,CH868565632231
1086/5207/1,CH668465633120
1086/5207/2,CH768465638430
1086/5208/1,CH336582638490
1086/5213/1,0000000000
1086/5213/2,0000000000
1086/5213/3,0000000000
1086/5213/4,0000000000
1086/5213/5,0000000000
1086/5213/6,0000000000
1086/5225/1,CH167310947866
1086/5225/2,CH409094811021
1086/5225/3,CH428456109407
1086/5225/4,CH349410762687
1086/5225/5,CH909394941022
1086/5225/6,CH419415107314
1086/5225/7,CH808594111036
1086/5228/1,CH428972656379
1086/5228/2,CH716320658839
1086/5229/1,CH168165632286
1086/5234/1,CH607545318303
1086/5234/2,CH514549837597
1086/5234/3,CH238375455377
1086/5234/4,CH707645438303
1086/5234/5,CH114596837603
1086/5234/6,CH767683455867
1086/5234/7,CH738376451632
1086/5234/8,CH755883764569
1086/5234/9,CH453183754530
1086/5234/10,CH298375424593
1086/5234/11,CH267683451289
1086/5234/12,CH107645898369
1086/5234/13,CH874576588312
1086/5234/14,CH889483457646
1086/5234/15,CH244583753010
1086/5234/16,CH798376804591
1086/5234/17,CH744583761645
1086/5234/18,CH974575698351
1086/5234/19,CH427531834514
1086/5234/20,CH198376964553
1086/5234/21,CH986983457509
1086/5234/22,CH189683457636
1086/5235/1,CH838376455259
1086/5238/2,0000000000
1086/5239/1,CH416366658917
1086/5239/2,CH136589636517
1086/5239/3,CH796587176367
1086/5266/2,CH974581578333
1086/5272/1,CH914546838476
1086/5301/1,CH657184773244
1086/5308/1,CH351977756633
1086/5308/2,CH276674077720
1086/5314/1,CH908863486534
1086/5315/1,CH946365887642
1086/5331/1,CH995260073074
1086/5331/2,CH866052300170
1086/5331/3,CH973060015250
1086/5331/4,CH950152603039
1086/5331/5,CH850352603019
1086/5331/6,CH906030035271
1086/5331/7,CH913003526015
1086/5335/1,0000000000
1086/5335/2,0000000000
1086/5335/3,0000000000
1086/5353/1,0000000000
1086/5355/1,CH757465836351
1086/5356/1,CH355365806384
1086/5363/2,CH214547838117
1086/5363/3,CH274580628371
1086/5364/1,CH658383004544
1086/5367/1,CH138374458687
1086/5369/1,CH585177667738
1086/5369/3,CH867777665894
1086/5369/4,CH287877667889
1086/5369/5,CH637778667984
1086/5371/1,0000000000
1086/5371/2,0000000000
1086/5371/3,CH397778476661
1086/5412/1,CH646365849045
1086/5412/2,CH496581476336
1086/5413/1,CH536588633220
1086/5414/1,CH576392916582
1086/5414/2,CH487565639211
1086/5415/1,CH876385756591
1086/5415/2,CH546365844923
1086/5415/3,0000000000
1086/5420/1,CH416338658183
1086/5421/1,CH328871656352
1086/5422/1,CH416338658183
1086/5423/2,CH256152193041
1086/5423/3,CH721115523049
1086/5443/1,CH609345218332
1086/5443/2,CH554283914539
1086/5443/3,CH684283459148
1086/5443/4,CH682183459331
1086/5443/5,CH552283934588
1086/5443/6,CH874593268352
1086/5443/7,CH698393214552
1086/5443/8,CH138382455051
1086/5444/1,CH274582478301
1086/5444/2,CH538383457872
1086/5455/1,CH346365825492
1086/5455/2,CH789265638341
1086/5456/1,CH227873086819
1086/5457/1,CH916878087877
1086/5461/1,CH553165826322
1086/5472/2,CH296582916360
1086/5472/3,CH676382266542
1086/5508/1,CH623465523079
1086/5552/1,CH895222733058
1086/5555/2,0000000000
1086/5567/1,0000000000
1086/5568/1,0000000000
1086/5582/1,CH534474066377
1086/5584/1,CH890682753372
1086/5584/2,CH908233750656
1086/5602/1,CH343546870682
1086/5602/2,CH668746350427
1086/5673/1,CH267765177749
1086/5673/2,0000000000
1086/5696/1,CH267917882968
1086/5696/2,CH278878491703
1086/5696/3,0000000000
1086/5700/1,0000000000
1086/5705/1,CH808563826547
1086/5706/1,CH227722016643
1086/5706/2,CH182101667818
1086/5706/3,CH790177246618
1086/5723/1,CH334687350344
1086/5724/1,CH759546873559
1086/5728/1,CH694687083587
1086/5731/1,CH634687350834
1086/5731/2,CH227560463539
1086/5731/3,CH628708463547
1086/5765/1,CH774178751754
1086/5765/2,CH691778864132
1086/5765/3,CH688617417861
1086/5771/1,0000000000
1086/5772/2,0000000000
1086/5774/1,0000000000
1086/5775/1,0000000000
1086/5775/2,0000000000
1086/5778/1,0000000000
1086/5778/2,0000000000
1086/5780/1,0000000000
1086/5780/2,0000000000
1086/5783/1,0000000000
1086/5783/2,0000000000
1086/5783/3,0000000000
1086/5783/5,0000000000
1086/5786/1,0000000000
1086/5786/2,0000000000
1086/5793/1,0000000000
1086/5798/1,0000000000
1086/5799/1,0000000000
1086/5799/2,0000000000
1086/5799/3,0000000000
1086/5799/4,0000000000
1086/5799/5,0000000000
1086/5799/6,0000000000
1086/5799/7,0000000000
1086/5799/8,0000000000
1086/5799/9,0000000000
1086/5799/10,0000000000
1086/5799/11,0000000000
1086/5799/12,0000000000
1086/5799/13,0000000000
1086/5799/14,0000000000
1086/5799/15,0000000000
1086/5799/16,0000000000
1086/5800/1,0000000000
1086/5800/2,0000000000
1086/5802/1,0000000000
1086/5802/2,0000000000
1086/5805/2,0000000000
1086/5807/1,0000000000
1086/5809/1,0000000000
1086/5809/2,0000000000
1086/5809/3,0000000000
1086/5809/4,0000000000
1086/5809/5,0000000000
1086/5809/6,0000000000
1086/5811/1,0000000000
1086/5811/2,0000000000
1086/5817/1,0000000000
1086/5817/2,0000000000
1086/5817/3,0000000000
1086/5817/4,0000000000
1086/5817/5,0000000000
1086/5818/1,0000000000
1086/5818/2,0000000000
1086/5818/3,0000000000
1086/5823/1,0000000000
1086/5825/1,0000000000
1086/5825/2,0000000000
1086/5826/1,0000000000
1086/5826/2,0000000000
1086/5826/3,0000000000
1086/5827/2,0000000000
1086/5829/1,0000000000
1086/5829/2,0000000000
1086/5830/1,0000000000
1086/5830/2,0000000000
1086/5831/1,0000000000
1086/5831/2,0000000000
1086/5831/3,0000000000
1086/5832/2,0000000000
1086/5832/3,0000000000
1086/5834/1,0000000000
1086/5845/1,CH343546764378
1086/5851/1,CH873586564641
1086/5851/2,CH985446358687
1086/5851/3,CH268546355371
1086/5851/4,CH408535694608
1086/5851/5,CH668546355629
1086/5851/6,CH443546852436
1086/5851/7,CH543546873681
1086/5851/8,CH413506468813
1086/5857/1,CH727775892645
1086/5882/1,0000000000
1086/5886/1,0000000000
1086/5916/1,CH873587174652
1086/5916/2,CH894687953549
1086/5917/1,CH152746763595
1086/5917/2,CH143546762765
1086/5930/1,CH734688359006
1086/5936/1,CH410793028722
1086/5957/1,CH796588926327
1086/5974/1,0000000000
1086/5980/1,0000000000
1086/6114/1,CH627973085464
1086/6114/2,CH667108545910
1086/6114/3,CH407254420816
1086/6114/4,CH655908715478
1086/6114/5,CH788208547484
1086/6118/2,CH430477537442
1086/6122/1,CH254652983015
1086/6122/2,CH395297663059
1086/6122/3,CH295286053084
1086/6122/4,0000000000
1086/6122/5,CH943052993093
1086/6123/1,CH909307490275
1086/6124/1,0000000000
1086/6124/2,0000000000
1086/6135/1,CH716781897205
1086/6177/1,CH421032463538
1086/6177/2,CH813552461125
1086/6177/3,CH101035374697
1086/6177/4,CH921243463506
1086/6177/5,CH861046354458
1086/6177/6,CH521050463536
1086/6177/8,CH534610355040
1086/6585/1,CH540702928109
1086/6585/2,CH569202078138
1086/6639/1,0000000000
1086/6639/2,0000000000
1086/6822/1,CH170670014415
1086/6822/2,CH180144067068
1086/6822/3,CH627535440666
1086/6823/1,CH193283100615
1086/6823/2,CH568532063407
1086/6825/1,CH561146354040
1086/6825/2,CH686146351868
1086/6825/3,CH601835614627
1086/6825/4,CH694618613564
1086/6825/5,CH213521461321
1086/6826/1,CH420119463510
1086/6898/1,CH644117776748
1086/7007/1,CH158465846379
1086/7009/1,CH446789719913
1086/7013/1,CH800007550280
1086/7013/2,CH585402070013
1086/7013/3,CH570700540274
1086/7013/4,CH460002075461
1086/7026/1,CH494687873515
1086/7030/1,CH394979748727
1086/7030/2,CH367849876333
1086/7033/1,CH178777289162
1086/7037/1,CH601435794681
1086/7051/1,CH250002960787
1086/7059/1,0000000000
1086/7062/1,CH129632020715
1086/7062/2,CH130296073213
1086/7062/3,CH140702963285
1086/7062/4,CH153202960733
1086/7062/5,CH270796320257
1086/7062/6,CH283202079631
1086/7067/1,0000000000
1086/7070/1,CH983265638440
1086/7074/1,CH644022777522
1086/7074/2,CH558222784037
1086/7082/1,CH594682383576
1086/7082/2,CH168246353411
1086/7086/1,CH937778664417
1086/7086/2,CH576678877730
1086/7086/3,CH946677774613
1086/7086/4,CH776677587758
1086/7093/1,0000000000
1086/7093/2,0000000000
1086/7094/1,0000000000
1086/7101/1,0000000000
1086/7114/1,CH767646352773
1086/7122/1,CH843546762721
1086/7134/1,0000000000
1086/7145/1,0000000000
1086/7148/1,0000000000
1086/7149/1,CH427628463538
1086/7152/1,0000000000
1086/7153/2,0000000000
1086/7153/3,0000000000
1086/7156/1,0000000000
1086/7156/2,0000000000
1086/7156/3,0000000000
1086/7166/1,CH827627463508
1086/7200/1,0000000000
1086/7200/2,0000000000
1086/7253/2,CH654946973544
1086/7262/1,0000000000
1086/7264/1,0000000000
1086/7264/2,0000000000
1086/7265/1,0000000000
1086/7266/2,0000000000
1086/7277/1,0000000000
1086/7282/1,CH443546763156
1086/7282/2,CH813583468758
1086/7282/3,CH828783463580
1086/7286/1,CH818765497877
1086/7286/2,CH194979748795
1086/7503/1,0000000000
1086/7509/1,CH534605354491
1086/7510/1,0000000000
1086/7511/1,CH449443778978
1086/7512/1,CH541709779397
1086/7513/1,CH655732750649
1086/7513/2,CH667532065726
1086/7513/3,CH770676143221
1086/7513/4,CH208706733291
1086/7515/1,CH513371068160
1086/7515/2,CH743306817122
1086/7516/1,CH534177628043
1086/7516/2,CH558041776295
1086/7517/1,0000000000
1086/7518/1,CH643546043407
1086/7520/1,CH631777887007
1086/7521/1,CH616193877794
1086/7523/1,0000000000
1086/7526/1,CH828791020771
1086/7527/1,CH168465635866
1086/7527/2,CH156865846326
1086/7527/3,CH236584635439
1086/7527/4,CH346365846377
1086/7527/5,CH308463626513
1086/7527/6,CH108463586593
1086/7527/7,CH208463676532
1086/7527/8,CH255665846325
1086/7527/9,CH786665639156
1086/7527/10,CH568465636322
1086/7527/11,CH816381658442
1086/7527/12,CH776386446515
1086/7527/13,CH436584635369
1086/7527/14,CH868465634436
1086/7527/15,CH776391446567
1086/7527/16,CH785265638453
1086/7527/17,CH316352658485
1086/7527/18,CH786665639156
1086/7527/19,0000000000
1086/7527/20,CH568465636322
1086/7528/1,0000000000
1086/7528/2,0000000000
1086/7528/3,0000000000
1086/7528/4,0000000000
1086/7528/5,0000000000
1086/7528/6,0000000000
1086/7528/7,0000000000
1086/7528/8,0000000000
1086/7528/9,0000000000
1086/7528/10,0000000000
1086/7528/11,0000000000
1086/7528/12,0000000000
1086/7528/13,0000000000
1086/7530/1,CH144583994356
1086/7530/2,CH354183994513
1086/7530/3,CH184383459986
1086/7530/4,CH414540839991
1086/7530/5,CH884683459958
1086/7530/6,CH874599468335
1086/7530/7,CH509945578387
1086/7530/8,CH369983455768
1086/7530/9,CH609945468386
1086/7530/10,CH414541839982
1086/7530/11,CH674599578370
1086/7530/12,CH609945408307
1086/7532/1,CH989210947790
1086/7533/2,0000000000
1086/7537/1,0000000000
1086/7538/1,CH867705468596
1086/7539/1,0000000000
1086/7540/1,0000000000
1086/7545/1,0000000000
1086/7550/1,CH775177762276
1086/7550/2,CH227787225189
1086/7551/2,0000000000
1086/7551/3,0000000000
1086/7553/1,CH167769977206
1086/7553/2,CH958469779749
1086/7553/3,CH287269977737
1086/7555/1,0000000000
1086/7563/1,CH191177820038
1086/7564/1,CH967766069709
1086/7565/1,CH692677372063
1086/7566/1,CH150579779142
1086/7566/2,CH167779910501
1086/7567/1,CH490777065622
1086/7568/1,CH597977049152
1086/7568/2,CH367738698891
1086/7569/1,CH657201796645
1086/7570/2,CH507743928213
1086/7571/1,CH167717888305
1086/7571/2,CH991777808807
1086/7572/1,CH307738848451
1086/7572/2,CH357684773805
1086/7573/1,CH567721931085
1086/7574/1,CH731777415532
1086/7575/1,CH588307577725
1086/7576/1,CH219491547738
1086/7576/2,CH759354779412
1086/7577/1,CH513513507118
1086/7578/1,CH559450893515
1086/7578/2,CH728995503537
1086/7579/1,CH495083143565
1086/7579/2,CH443550831416
1086/7580/1,CH395079853519
1086/7580/2,CH835079352708
1086/7580/3,CH258550793502
1086/7580/4,CH443550791032
1086/7580/5,CH227985503582
1086/7581/1,CH207354630891
1086/7581/2,CH515408087857
1086/7582/1,CH843751778258
1086/7583/1,CH227743802942
1086/7583/2,CH472977438037
1086/7583/3,CH367780294372
1086/7584/1,CH467887592669
1086/7585/1,CH475977358720
1086/7586/1,CH427950866891
1086/7587/1,CH998677046841
1086/7588/1,CH338677687349
1086/7589/1,CH514024227756
1086/7589/2,CH507740242213
1086/7590/1,CH976572150668
1086/7591/1,CH146506740036
1086/7591/2,CH130674650058
1086/7591/3,CH990674016509
1086/7591/4,CH167406650046
1086/7592/1,CH785934057733
1086/7593/1,CH430778467074
1086/7593/2,CH987007467878
1086/7593/3,CH827870074661
1086/7593/4,CH274677600756
1086/7594/1,CH194634433547
1086/7595/1,CH683646350775
1086/7596/1,CH134612352091
1086/7597/1,CH890779944602
1086/7597/2,CH950907794658
1086/7598/1,CH308335155060
1086/7598/2,CH981250358324
1086/7599/1,CH748817773934
1086/7600/1,CH100107020262
1086/7601/1,CH573597445076
1086/7602/1,CH927705224018
1086/7603/1,CH954046863524
1086/7604/1,CH270797740219
1086/7605/1,CH490200070723
1086/7606/1,CH590295510769
1086/7607/1,CH889250358233
1086/7608/1,CH908207350226
1086/7608/2,CH940702823546
1086/7609/1,CH682550358069
1086/7609/2,CH483950358050
1086/7609/3,CH328027503558
1086/7609/4,CH908035255004
1086/7609/5,CH228013503524
1086/7610/1,CH209845458358
1086/7610/2,CH538398452587
1086/7611/1,CH838386454573
1086/7612/1,CH844583860688
1086/7612/2,CH784683458509
1086/7613/1,CH574589758343
1086/7614/1,CH227071834551
1086/7614/2,CH607045858373
1086/7614/3,CH367083459735
1086/7615/1,CH609745708368
1086/7616/1,CH874589768335
1086/7616/2,CH528933834569
1086/7617/1,CH781436577806
1086/7618/1,0000000000
1086/7618/2,0000000000
1086/7619/1,CH395210833015
1086/7620/1,CH987952300536
1086/7620/2,CH895213063049
1086/7621/1,CH156510989444
1086/7622/1,CH652444720665
1086/7623/1,CH434478060437
1086/7624/1,CH436584638438
1086/7624/2,CH752565846313
1086/7624/3,CH488465638467
1086/7625/1,CH882765638712
1086/7625/2,CH646365837563
1086/7625/3,CH668865631822
1086/7625/4,CH646365843305
1086/7625/5,CH646365888142
1086/7625/6,CH546365891542
1086/7625/7,CH168465631611
1086/7625/8,CH396589106312
1086/7625/9,CH736585632187
1086/7626/1,CH616368658433
1086/7626/2,CH216361658438
1086/7627/1,0000000000
1086/7628/1,CH568483454232
1086/7630/1,CH619416107433
1086/7630/2,CH231072949048
1086/7631/1,CH591075859438
1086/7631/2,CH827199109429
1086/7632/1,CH579485101091
1086/7633/1,CH607494191086
1086/7633/2,CH828881109423
1086/7633/3,CH928597109423
1086/7633/4,CH670177508520
1086/7633/5,CH331079942318
1086/7634/1,CH849410776767
1086/7634/2,CH349410849492
1086/7634/3,CH691071369490
1086/7634/4,CH928597109423
1086/7635/1,CH574580448323
1086/7636/1,CH844583818326
1086/7636/2,CH308145758305
1086/7636/3,CH428164834540
1086/7637/1,CH834978874366
1086/7637/2,CH407887674923
1086/7638/1,CH968065637975
1086/7638/2,CH546365847594
1086/7639/1,CH508263446553
1086/7639/2,CH776381406572
1086/7639/3,CH636583637684
1086/7639/4,CH487465638149
1086/7639/5,CH946365834390
1086/7640/1,CH776383106547
1086/7640/2,CH882565638370
1086/7641/1,CH176384866514
1086/7642/1,CH685383457558
1086/7643/1,CH238388456743
1086/7644/1,CH567683453066
1086/7645/1,CH443052055040
1086/7645/2,CH173010665292
1086/7646/1,CH874578838316
1086/7646/2,CH544583784380
1086/7647/1,CH920166463596
1086/7648/1,CH394678103570
1086/7649/1,CH734625355328
1086/7650/1,CH534623350367
1086/7652/1,CH813521461212
1086/7653/1,CH413599460139
1086/7653/2,CH460246358083
1086/7654/1,CH173505074688
1086/7654/2,CH852146053538
1086/7655/1,CH558646093522
1086/7655/2,0000000000
1086/7656/1,CH634687354297
1086/7656/2,CH268746352446
1086/7656/3,CH408735244689
1086/7656/4,CH468746352475
1086/7656/5,CH573587244636
1086/7656/6,CH668746352506
1086/7656/7,CH794687263596
1086/7656/8,CH728872463589
1086/7658/1,CH713516469805
1086/7658/2,CH729816463532
1086/7659/1,CH267711099754
1086/7660/1,0000000000
1086/7660/2,0000000000
1086/7661/1,CH787026437782
1086/7662/1,CH707761868787
1086/7663/1,CH338777619422
1086/7663/2,0000000000
1086/7664/1,CH870879762023
1086/7665/1,CH740820770468
1086/7665/2,CH132077083580
1086/7666/1,CH227797110974
1086/7667/1,CH211179059987
1086/7668/1,CH791507925082
1086/7668/2,CH991507155051
1086/7669/1,CH418978677390
1086/7670/1,CH257166001508
1086/7671/1,CH793277990683
1086/7672/1,CH308235254661
1086/7673/1,CH494682363519
1086/7674/1,CH627146523027
1086/7674/2,CH754052733082
1086/7675/1,CH178973826703
1086/7676/1,CH757166811580
1086/7677/1,CH970688813232
1086/7678/1,CH767082498802
1086/7679/1,0000000000
1086/7679/2,0000000000
1086/7679/3,CH974979698205
1086/7679/4,0000000000
1086/7680/1,CH608106103215
1086/7681/1,CH634697359848
1086/7681/2,CH209735924671
1086/7683/1,CH473597494602
1086/7683/2,CH673598294682
1086/7683/3,CH613515469848
1086/7684/1,CH973515274654
1086/7685/1,CH328806463543
1086/7686/1,CH973531304695
1086/7687/1,CH894608893502
1086/7687/2,CH420295463575
1086/7687/3,CH957446023537
1086/7688/1,CH710419957710
1086/7689/1,CH113507469896
1086/7689/2,CH129807463526
1086/7689/3,CH943664899282
1086/7689/4,CH959264893697
1086/7690/1,CH234697350484
1086/7691/1,CH370673413206
1086/7692/1,CH836673157530
1086/7692/2,CH358066731594
1086/7693/1,CH638977673405
1086/7694/1,CH315072157032
1086/7695/1,CH131177099764
1086/7696/1,CH407703839434
1086/7697/1,CH389149997752
1086/7698/1,CH310862207770
1086/7699/1,CH833677405174
1086/7699/2,CH886636407775
1086/7700/1,CH899979039174
1086/7701/1,CH558959770637
1086/7702/1,CH688006517702
1086/7703/1,CH594177806206
1086/7703/2,CH676277804173
1086/7704/1,CH359960774083
1086/7704/2,CH696077764075
1086/7705/1,CH332777897228
1086/7706/1,CH579977844166
1086/7707/1,CH267741997422
1086/7708/1,CH971077719983
1086/7708/2,0000000000
1086/7709/1,CH407706783185
1086/7710/1,CH789459067724
1086/7711/1,CH950894770330
1086/7712/1,CH210300947790
1086/7713/1,CH513071317770
1086/7714/1,CH193177793059
1086/7715/1,CH767731307947
1086/7716/1,CH967745127805
1086/7716/2,CH534577127194
1086/7717/1,CH607701142467
1086/7717/2,CH440124772808
1086/7717/3,CH587524017762
1086/7717/4,CH307701312421
1086/7718/1,CH951152993040
1086/7719/1,CH770077735769
1086/7719/2,CH657257770001
1086/7719/3,CH710089577787
1086/7720/1,CH631077317670
1086/7721/1,CH240508777268
1086/7721/2,CH159008770524
1086/7721/3,CH270577900805
1086/7722/1,CH587699317746
1086/7723/1,CH607731761013
1086/7724/1,CH980894037732
1086/7725/1,CH155046893517
1086/7725/2,CH568946355850
1086/7726/1,CH657160775741
1086/7726/2,CH796077725736
1086/7727/1,CH707757726095
1086/7728/1,
1086/7729/1,CH730201073876
1086/7730/1,CH120124020733
1086/7731/1,CH367834059195
1086/7731/2,CH527897340574
1086/7731/3,CH327897340545
1086/7732/1,CH313696047726
1086/7732/2,CH758404773684
1086/7732/3,CH359604773690
1086/7733/1,CH473529774645
1086/7734/1,CH243546864580
1086/7736/1,CH428297463531
1086/7736/2,CH434682359758
1086/7737/1,CH600107660288
1086/7738/1,0000000000
1086/7739/1,CH107740663609
1086/7739/2,CH856636774050
1086/7740/1,CH732677487242
1086/7740/2,CH692677814897
1086/7742/1,CH570177172420
1086/7743/1,0000000000
1086/7744/1,0000000000
1086/7755/1,CH544982796553
1086/7755/2,CH644982709516
1086/7756/1,CH520205020741
1086/7757/1,CH440702022578
1086/7758/1,CH140702900335
1086/7760/1,CH707835454670
1086/7761/1,0000000000
1086/7762/1,CH607008216138
1086/7763/1,CH929324834503
1086/7764/1,CH434621355072
1086/7764/2,CH522974463583
1086/7765/1,0000000000
1086/7768/1,CH794624053547
1086/7769/1,CH509835704608
1086/7769/2,CH594698703530
1086/7770/1,CH427752498725
1086/7770/2,CH434977875208
1086/7770/3,CH507787524961
1086/7772/1,0000000000
1086/7775/1,0000000000
1086/7776/1,CH636584632925
1086/7776/2,CH436584633092
1086/7776/3,CH646365841127
1086/7776/4,CH946365882494
1086/7777/1,CH544583821301
1086/7778/1,CH444583738488
1086/7779/1,CH228430656378
1086/7781/1,CH909545828381
1086/7783/1,CH596585226341
1086/7783/2,CH676381986529
1086/7784/1,0000000000
1086/7785/1,0000000000
1086/7785/2,0000000000
1086/7787/2,CH307988721738
1086/7793/1,CH628784463542
1086/7794/1,CH928719463540
1086/7795/1,0000000000
1086/7797/1,CH708463656562
1086/7797/2,CH656765846377
1086/7798/1,CH840645959509
1086/7799/1,CH323616463596
1086/7800/1,CH343306728079
1086/7800/2,CH473372800634
1086/7801/1,CH473575925067
1086/7802/1,CH421649463514
1086/7804/1,CH541467777463
1086/7805/1,CH307705983465
1086/7806/1,0000000000
1086/7806/2,0000000000
1086/7809/1,CH487932067696
1086/7811/1,0000000000
1086/7813/1,0000000000
1086/7813/2,0000000000
1086/7813/3,0000000000
1086/7813/4,0000000000
1086/7813/5,0000000000
1086/7813/6,CH433284062592
1086/7815/1,CH487417027786
1086/7815/2,CH727770170239
1086/7815/3,CH707702821721
1086/7815/4,0000000000
1086/7815/5,CH870277821791
1086/7815/6,CH740217778282
1086/7815/7,CH170277981787
1086/7815/8,CH267717029721
1086/7815/9,CH988217027788
1086/7819/1,CH576377940475
1086/7824/1,CH960452306430
1086/7825/1,0000000000
1086/7826/1,0000000000
1086/7827/1,CH307966077780
1086/7828/1,CH810180857129
1086/7828/3,CH438571018888
1086/7828/4,CH258885710152
1086/7831/1,CH413001528482
1086/7831/2,CH813039529875
1086/7831/3,CH195298243050
1086/7831/4,
1086/7832/1,0000000000
1086/7833/1,CH286346354922
1086/7833/2,CH864246352982
1086/7833/3,CH708036916445
1086/7833/4,CH834641359403
1086/7834/1,CH875977712730
1086/7845/1,0000000000
1086/7846/1,CH349583018851
1086/7851/1,CH773582374671
1086/7853/1,CH555746763522
1086/7862/1,CH709645418351
1086/7863/1,0000000000
1086/7865/1,CH728748020707
1086/7867/1,CH929723020788
1086/7868/1,CH976677390126
1086/7868/2,CH116698017850
1086/7868/3,CH976678290147
1086/7869/1,CH508835905020
1086/7869/2,CH650750893502
1086/7870/1,CH307888861723
1086/7870/2,0000000000
1086/7870/3,CH378877321729
1086/7870/4,0000000000
1086/7871/1,CH738677681568
1086/7872/1,CH609835584610
1086/7872/2,CH694698583532
1086/7873/1,CH932477017668
1086/7873/2,0000000000
1086/7873/3,CH107701762451
1086/7875/1,0000000000
1086/7878/1,0000000000
1086/7879/1,CH327893769163
1086/7881/1,0000000000
1086/7882/1,CH507401028560
1086/7882/2,CH427988850113
1086/7886/1,0000000000
1086/7887/1,0000000000
1086/7888/1,0000000000
1086/7891/1,CH767166157837
1086/7893/1,CH936683158392
1086/7893/2,0000000000
1086/7898/1,CH395248673012
1086/7898/2,CH373048675267
1086/7899/1,CH997789026687
1086/7900/1,CH573012025233
1086/7901/1,CH364652308054
1086/7901/2,CH113017524480
1086/7901/3,CH952352463069
1086/7901/4,CH664352308924
1086/7902/1,CH350646173592
1086/7905/1,CH143546860755
1086/7907/1,CH184446351125
1086/7907/2,CH543546128167
1086/7910/1,CH840861777183
1086/7913/1,CH638381454688
1086/7914/1,CH756210819469
1086/7919/1,CH292277326979
1086/7921/1,CH630777563817
1086/7921/2,CH915628077779
1086/7921/3,CH627738075646
1086/7921/4,CH990777395644
1086/7923/1,CH467923263628
1086/7924/1,CH975677229163
1086/7926/1,CH883044067017
1086/7927/1,CH788607467805
1086/7928/1,CH558470776910
1086/7928/2,CH558470796904
1086/7929/1,CH260102076195
1086/7930/1,CH718757497886
1086/7931/1,CH791977982134
1086/7934/1,CH887002070952
1086/7934/2,CH800907700283
1086/7935/1,CH915996877719
1086/7935/2,CH927796875952
1086/7938/1,CH810748028106
1086/7939/1,CH144607787961
1086/7940/1,CH729800020745
1086/7941/1,CH943546124168
1086/7941/2,CH761246357507
1086/7944/1,CH227771105769
1086/7950/1,CH478877271710
1086/7955/1,0000000000
1086/7959/1,0000000000
1086/7961/1,0000000000
1086/7963/1,CH421958463546
1086/7963/2,CH686346351715
1086/7963/3,CH673517634630
1086/7964/1,CH981046353466
1086/7966/1,0000000000
1086/7969/1,CH115459087825
1086/7977/1,CH918880177775
1086/7978/1,0000000000
1086/7978/2,CH467741394467
1086/7981/1,CH273582665053
1086/7981/2,CH408235665094
1086/7981/3,CH386650358232
1086/7982/1,0000000000
1086/7982/2,0000000000
1086/7983/1,CH976571920640
1086/7984/1,CH707435225049
1086/7985/1,CH259941773205
1086/7986/1,CH634623350135
1086/7988/1,CH629066834502
1086/7989/1,CH958618771452
1086/7991/1,CH888708007774
1086/7991/2,CH830877008741
1086/7992/1,0000000000
1086/7994/1,CH227786302305
1086/7997/1,CH190477246347
1086/7997/2,0000000000
1086/7999/1,CH870672603279
1086/7999/2,0000000000
1086/8000/1,CH995239753059
1086/8001/1,CH727855470455
1086/8001/2,CH885547047889
1086/8002/1,CH427549440608
1086/8002/2,CH127540440694
1086/8003/1,CH190678516595
1086/8005/1,CH443604782915
1086/8006/1,0000000000
1086/8006/2,CH470717150272
1086/8007/1,0000000000
1086/8008/1,CH195207713049
1086/8009/1,CH967707887822
1086/8010/1,0000000000
1086/8010/2,0000000000
1086/8010/3,0000000000
1086/8012/1,CH267717028236
1086/8013/1,0000000000
1086/8021/1,0000000000
1086/8022/1,CH407786865989
1086/8022/2,CH707786975951
1086/8025/1,CH614592838455
1086/8026/1,CH167949870040
1086/8027/1,CH927773513701
1086/8027/2,CH159851773768
1086/8028/1,CH976679807703
1086/8029/1,CH187949247787
1086/8029/2,CH112479497748
1086/8030/1,CH427951226979
1086/8031/1,CH319429108210
1086/8032/1,CH773046745225
1086/8033/1,CH407891337662
1086/8035/1,CH327799413206
1086/8035/2,CH313299417793
1086/8036/1,CH545408790859
1086/8037/1,CH662846352844
1086/8037/2,CH494628253553
1086/8038/1,CH556317718883
1086/8040/1,CH413515462790
1086/8040/2,CH121519463525
1086/8040/3,CH101535304680
1086/8041/1,CH334685353233
1086/8041/2,CH943546899475
1086/8043/1,CH327881178860
1086/8044/1,CH173017625241
1086/8045/1,CH519680947755
1086/8049/1,CH373510864629
1086/8056/1,CH907761788743
1086/8057/1,0000000000
1086/8058/1,CH932477018361
1086/8058/2,CH170177832455
1086/8058/3,CH958324770192
1086/8058/4,CH967724018328
1086/8064/1,0000000000
1086/8064/2,0000000000
1086/8065/1,CH713068524102
1086/8065/2,CH704130685269
1086/8065/3,CH435259303187
1086/8065/4,CH465952303109
1086/8065/5,CH852052593048
1086/8065/6,CH865952302078
1086/8065/7,CH573059315208
1086/8068/1,CH557046803547
1086/8072/1,CH957640773308
1086/8073/1,0000000000
1086/8074/1,0000000000
1086/8074/2,0000000000
1086/8075/1,CH594676823595
1086/8075/3,CH507635824681
1086/8075/4,CH373684716442
1086/8078/1,CH835270307995
1086/8082/1,CH208835944617
1086/8085/1,CH685646359331
1086/8091/1,CH228621020759
1086/8091/2,CH130286072315
1086/8094/1,0000000000
1086/8094/2,0000000000
1086/8095/1,0000000000
1086/8097/1,0000000000
1086/8098/1,0000000000
1086/8100/1,0000000000
1086/8100/2,0000000000
1086/8101/1,0000000000
1086/8103/1,0000000000
1086/8103/2,0000000000
1086/8103/3,0000000000
1086/8103/4,
1086/8104/1,0000000000
1086/8104/2,0000000000
1086/8105/1,0000000000
1086/8107/1,0000000000
1086/8108/1,0000000000
1086/8108/2,0000000000
1086/8108/3,
1086/8114/1,0000000000
1086/8118/1,CH208330475241
1086/8118/2,CH752352753050
1086/8120/1,CH207708636549
1086/8121/1,CH327164085475
1086/8125/1,CH426523523076
1086/8125/2,CH573065235275
1086/8126/1,CH827885074623
1086/8127/1,CH567822691024
1086/8128/1,CH767740337558
1086/8129/1,CH627829200812
1086/8130/1,CH734616353728
1086/8131/1,CH738579018910
1086/8132/1,CH667723269651
1086/8133/1,CH398379264571
1086/8134/1,CH627792943596
1086/8135/1,CH107739474170
1086/8136/1,CH744159777219
1086/8137/1,CH295203783030
1086/8138/1,CH930177664342
1086/8140/1,CH227775118502
1086/8141/1,0000000000
1086/8142/1,CH286241327775
1086/8144/1,CH613048524122
1086/8145/1,CH559143775083
1086/8146/1,CH870672373251
1086/8151/1,CH627764470435
1086/8152/1,CH583310949753
1086/8153/1,CH916737097783
1086/8154/1,CH554983724504
1086/8155/1,CH906130765219
1086/8155/2,CH435260304960
1086/8156/1,CH207445298375
1086/8157/1,CH115442567735
1086/8157/2,CH367756544022
1086/8160/1,CH321548463584
1086/8161/1,
1086/8162/1,CH935379931126
1086/8163/1,0000000000
1086/8165/1,CH629272763918
1086/8166/1,CH228242020775
1086/8167/1,CH757374861635
1086/8168/1,CH756352693055
1086/8169/1,CH467483456522
1086/8170/1,0000000000
1086/8170/2,CH802130855239
1086/8170/3,CH635221303170
1086/8171/1,CH845939778653
1086/8172/1,CH907968908685
1086/8172/2,CH576879998619
1086/8173/2,CH136787897884
1086/8174/1,CH590877615489
1086/8175/1,CH953607784611
1086/8175/3,CH907846350769
1086/8176/1,CH394605843520
1086/8177/1,CH289849547732
1086/8178/2,0000000000
1086/8180/1,CH722347523019
1086/8181/1,CH540702859714
1086/8182/1,CH469802070187
1086/8183/1,CH751536775786
1086/8184/1,CH570671124431
1086/8185/1,CH607906714567
1086/8186/1,CH627794178862
1086/8187/1,CH257617784154
1086/8188/1,CH414558837352
1086/8189/1,CH170677814403
1086/8190/1,CH838312958861
1086/8191/1,CH459056843224
1086/8193/1,CH387902070184
1086/8194/1,CH295073743543
1086/8195/1,CH536677262417
1086/8196/2,CH979777884862
1086/8197/1,CH945769778102
1086/8198/1,CH495097003578
1086/8199/1,CH298393984554
1086/8201/1,CH667785847420
1086/8202/1,CH807335235039
1086/8203/1,CH757143774476
1086/8204/1,CH207722969486
1086/8205/1,CH267799126759
1086/8206/1,CH558277736616
1086/8207/1,CH382453937797
1086/8208/1,CH519419787727
1086/8209/1,CH827804413975
1086/8210/1,CH924109463514
1086/8211/1,CH845691788750
1086/8212/1,CH443546290826
1086/8213/1,CH802435354669
1086/8214/1,CH234577037426
1086/8215/1,CH307940812250
1086/8216/1,CH674677000703
1086/8217/1,CH637777578913
1086/8218/1,CH637477911467
1086/8220/1,CH943546026376
1086/8221/1,CH152983714504
1086/8223/1,CH760502073735
1086/8226/1,CH181802070252
1086/8230/1,CH787883950941
1086/8231/1,0000000000
1086/8232/1,CH381410948366
1086/8233/1,CH320525463576
1086/8234/1,CH340011774077
1086/8236/1,CH635253307925
1086/8238/1,CH274586918327
1086/8239/1,CH248928777443
1086/8240/1,CH840644744831
1086/8241/1,0000000000
1086/8242/1,CH570716280208
1086/8244/1,CH827887999172
1086/8245/1,CH407717796546
1086/8246/1,CH789622407707
1086/8247/1,CH540632719608
1086/8249/1,CH934877387982
1086/8250/1,CH870728540211
1086/8250/2,CH885402072877
1086/8251/1,CH907703974565
1086/8252/1,CH536597638283
1086/8252/2,
1086/8253/1,CH316872087844
1086/8254/1,CH707536316469
1086/8256/1,CH276877070808
1086/8257/1,CH790208760730
1086/8258/1,CH408645598378
1086/8267/1,CH630203075575
1086/8270/1,CH490227030783
1086/8271/1,CH430377907059
1086/8272/1,0000000000
1086/8273/1,CH373573534646
1086/8274/1,CH111073937757
1086/8275/1,CH362546353922
1086/8275/2,CH762046353030
1086/8275/3,CH185146352318
1086/8275/4,CH673523674661
1086/8275/5,CH702335684631
1086/8275/6,CH784546352373
1086/8275/7,CH694624733571
1086/8275/8,CH687346352429
1086/8275/9,CH973523684653
1086/8275/10,CH613573462485
1086/8275/11,CH622473463596
1086/8275/12,CH558046243542
1086/8275/13,CH913666647907
1086/8275/14,CH473525534656
1086/8275/15,CH986046352583
1086/8275/16,CH434625355333
1086/8275/17,CH943546236808
1086/8275/18,CH423901463519
1086/8275/19,CH467164360669
1086/8275/20,CH757564823663
1086/8275/22,CH473684866460
1086/8276/1,CH790770373904
1086/8277/1,CH771575706670
1086/8278/1,CH667046357131
1086/8280/1,0000000000
1086/8285/1,CH139477353439
1086/8286/1,CH140447781526
1086/8287/1,CH834977227841
1086/8288/1,CH607106683214
1086/8289/1,CH937977917065
1086/8290/1,0000000000
1086/8291/1,CH975577936104
1086/8292/1,CH934777227366
1086/8293/1,CH973777752694
1086/8294/1,0000000000
1086/8295/1,CH619396537880
1086/8296/1,CH482453937961
1086/8297/1,CH367739650778
1086/8298/1,CH467717027374
1086/8298/2,CH470277871718
1086/8298/3,CH488717027726
1086/8298/4,CH840217777159
1086/8300/1,CH745154770060
1086/8301/1,CH149410718910
1086/8302/1,CH313691047870
1086/8303/1,CH986046353474
1086/8303/2,CH113531463144
1086/8304/1,CH876777840984
1086/8305/1,0000000000
1086/8306/1,0000000000
1086/8306/2,0000000000
1086/8309/1,0000000000
1086/8312/1,0000000000
1086/8313/1,0000000000
1086/8314/1,0000000000
1086/8315/1,0000000000
1086/8319/1,0000000000
1086/8322/1,0000000000
1086/8324/1,0000000000
1086/8325/1,0000000000
1086/8332/1,0000000000
1086/8333/1,0000000000
1086/8334/1,0000000000
1086/8335/1,0000000000
1086/8337/1,0000000000
1086/8339/1,0000000000
1086/8340/1,0000000000
1086/8343/1,0000000000
1086/8343/2,0000000000
1086/8344/1,0000000000
1086/8346/1,0000000000
1086/8346/2,0000000000
1086/8349/1,0000000000
1086/8361/1,0000000000
1086/8363/1,0000000000
1086/8364/1,0000000000
1086/8367/1,0000000000
1086/8368/1,0000000000
1086/8374/1,0000000000
1086/8375/1,0000000000
1086/8376/1,0000000000
1086/8376/2,0000000000
1086/8377/1,0000000000
1086/8384/1,0000000000
1086/8385/1,0000000000
1086/8389/1,0000000000
1086/8392/1,0000000000
1086/8396/1,0000000000
1086/8397/1,0000000000
1086/8398/1,0000000000
1086/8401/1,0000000000
1086/8403/1,0000000000
1086/8405/1,0000000000
1086/8407/2,0000000000
1086/8408/1,0000000000
1086/8409/1,0000000000
1086/8410/1,0000000000
1086/8412/1,0000000000
1086/8415/1,0000000000
1086/8419/1,0000000000
1086/8424/1,0000000000
1086/8425/1,0000000000
1086/8426/1,0000000000
1086/8430/1,0000000000
1086/8432/1,CH990287920776
1086/8438/1,CH991089489481
1086/8441/1,CH814684057779
1086/8443/1,0000000000
1086/8445/2,
1086/8445/3,
1086/8445/4,
1086/8445/5,
1086/8448/1,0000000000
1086/8451/1,CH459399789197
1086/8452/1,CH214547837622
1086/8456/1,CH367764227115
1086/8456/2,CH472277716461
1086/8456/3,CH467764227079
1086/8457/1,CH197078836913
1086/8461/2,CH159909776701
1086/8466/1,CH268283451521
1086/8467/1,CH857922772732
1086/8474/1,CH930221079463
1086/8476/1,CH457383784551
1086/8479/1,
1086/8483/1,CH330209078692
1086/8484/1,CH268846359842
1086/8486/1,CH727777865210
//,
